timestamp,price_kwh
2024-10-21 00:00:00+00:00,0.043455719999999996
2024-10-21 00:30:00+00:00,0.044476524999999996
2024-10-21 01:00:00+00:00,0.045497329999999996
2024-10-21 01:30:00+00:00,0.04529406999999999
2024-10-21 02:00:00+00:00,0.045090809999999995
2024-10-21 02:30:00+00:00,0.044704339999999995
2024-10-21 03:00:00+00:00,0.04431787
2024-10-21 03:30:00+00:00,0.04400429
2024-10-21 04:00:00+00:00,0.04369071
2024-10-21 04:30:00+00:00,0.040675535
2024-10-21 05:00:00+00:00,0.03766036
2024-10-21 05:30:00+00:00,0.037483119999999995
2024-10-21 06:00:00+00:00,0.03730588
2024-10-21 06:30:00+00:00,0.034891745
2024-10-21 07:00:00+00:00,0.03247761
2024-10-21 07:30:00+00:00,0.03246423
2024-10-21 08:00:00+00:00,0.03245085
2024-10-21 08:30:00+00:00,0.032455780000000004
2024-10-21 09:00:00+00:00,0.03246071
2024-10-21 09:30:00+00:00,0.032317614999999994
2024-10-21 10:00:00+00:00,0.03217452
2024-10-21 10:30:00+00:00,0.032316885
2024-10-21 11:00:00+00:00,0.032459249999999995
2024-10-21 11:30:00+00:00,0.03506054
2024-10-21 12:00:00+00:00,0.03766183
2024-10-21 12:30:00+00:00,0.03873236
2024-10-21 13:00:00+00:00,0.03980289
2024-10-21 13:30:00+00:00,0.036017530000000006
2024-10-21 14:00:00+00:00,0.032232170000000004
2024-10-21 14:30:00+00:00,0.019789585000000002
2024-10-21 15:00:00+00:00,0.007347
2024-10-21 15:30:00+00:00,0.006818765000000001
2024-10-21 16:00:00+00:00,0.006290530000000001
2024-10-21 16:30:00+00:00,0.00622257
2024-10-21 17:00:00+00:00,0.00615461
2024-10-21 17:30:00+00:00,0.006065775
2024-10-21 18:00:00+00:00,0.00597694
2024-10-21 18:30:00+00:00,0.007050695
2024-10-21 19:00:00+00:00,0.00812445
2024-10-21 19:30:00+00:00,0.008106945
2024-10-21 20:00:00+00:00,0.00808944
2024-10-21 20:30:00+00:00,0.007320500000000001
2024-10-21 21:00:00+00:00,0.0065515600000000005
2024-10-21 21:30:00+00:00,0.011671479999999998
2024-10-21 22:00:00+00:00,0.016791399999999998
2024-10-21 22:30:00+00:00,0.022379455
2024-10-21 23:00:00+00:00,0.02796751
2024-10-21 23:30:00+00:00,0.036420925
2024-10-22 00:00:00+00:00,0.04487434
2024-10-22 00:30:00+00:00,0.04543758
2024-10-22 01:00:00+00:00,0.04600082
2024-10-22 01:30:00+00:00,0.045603729999999995
2024-10-22 02:00:00+00:00,0.04520664
2024-10-22 02:30:00+00:00,0.045017875
2024-10-22 03:00:00+00:00,0.04482911
2024-10-22 03:30:00+00:00,0.044289554999999994
2024-10-22 04:00:00+00:00,0.04375
2024-10-22 04:30:00+00:00,0.04290963
2024-10-22 05:00:00+00:00,0.04206926
2024-10-22 05:30:00+00:00,0.04116707
2024-10-22 06:00:00+00:00,0.040264879999999996
2024-10-22 06:30:00+00:00,0.039123405
2024-10-22 07:00:00+00:00,0.03798193
2024-10-22 07:30:00+00:00,0.036471025000000004
2024-10-22 08:00:00+00:00,0.034960120000000004
2024-10-22 08:30:00+00:00,0.03475501
2024-10-22 09:00:00+00:00,0.0345499
2024-10-22 09:30:00+00:00,0.034508794999999995
2024-10-22 10:00:00+00:00,0.034467689999999995
2024-10-22 10:30:00+00:00,0.034668994999999994
2024-10-22 11:00:00+00:00,0.0348703
2024-10-22 11:30:00+00:00,0.036220995
2024-10-22 12:00:00+00:00,0.03757169
2024-10-22 12:30:00+00:00,0.040254769999999995
2024-10-22 13:00:00+00:00,0.04293785
2024-10-22 13:30:00+00:00,0.04199496
2024-10-22 14:00:00+00:00,0.04105207
2024-10-22 14:30:00+00:00,0.023661050000000003
2024-10-22 15:00:00+00:00,0.00627003
2024-10-22 15:30:00+00:00,0.005198889999999999
2024-10-22 16:00:00+00:00,0.0041277499999999995
2024-10-22 16:30:00+00:00,0.00446622
2024-10-22 17:00:00+00:00,0.0048046899999999995
2024-10-22 17:30:00+00:00,0.00502439
2024-10-22 18:00:00+00:00,0.00524409
2024-10-22 18:30:00+00:00,0.005694685
2024-10-22 19:00:00+00:00,0.0061452799999999995
2024-10-22 19:30:00+00:00,0.005198594999999999
2024-10-22 20:00:00+00:00,0.004251909999999999
2024-10-22 20:30:00+00:00,0.004875715
2024-10-22 21:00:00+00:00,0.005499520000000001
2024-10-22 21:30:00+00:00,0.00653586
2024-10-22 22:00:00+00:00,0.007572199999999999
2024-10-22 22:30:00+00:00,0.01897947
2024-10-22 23:00:00+00:00,0.03038674
2024-10-22 23:30:00+00:00,0.03961544
2024-10-23 00:00:00+00:00,0.04884414
2024-10-23 00:30:00+00:00,0.051905885
2024-10-23 01:00:00+00:00,0.054967629999999996
2024-10-23 01:30:00+00:00,0.051038505
2024-10-23 02:00:00+00:00,0.04710938
2024-10-23 02:30:00+00:00,0.04607394
2024-10-23 03:00:00+00:00,0.0450385
2024-10-23 03:30:00+00:00,0.04542738
2024-10-23 04:00:00+00:00,0.04581626
2024-10-23 04:30:00+00:00,0.04522795
2024-10-23 05:00:00+00:00,0.04463964
2024-10-23 05:30:00+00:00,0.041174779999999994
2024-10-23 06:00:00+00:00,0.037709919999999994
2024-10-23 06:30:00+00:00,0.037967459999999995
2024-10-23 07:00:00+00:00,0.038225
2024-10-23 07:30:00+00:00,0.039220825
2024-10-23 08:00:00+00:00,0.04021665
2024-10-23 08:30:00+00:00,0.03840554
2024-10-23 09:00:00+00:00,0.036594430000000004
2024-10-23 09:30:00+00:00,0.03665349500000001
2024-10-23 10:00:00+00:00,0.036712560000000005
2024-10-23 10:30:00+00:00,0.03664776
2024-10-23 11:00:00+00:00,0.03658296
2024-10-23 11:30:00+00:00,0.038979505
2024-10-23 12:00:00+00:00,0.04137605
2024-10-23 12:30:00+00:00,0.042882335
2024-10-23 13:00:00+00:00,0.044388620000000004
2024-10-23 13:30:00+00:00,0.04261675
2024-10-23 14:00:00+00:00,0.04084488
2024-10-23 14:30:00+00:00,0.030459464999999998
2024-10-23 15:00:00+00:00,0.02007405
2024-10-23 15:30:00+00:00,0.0116943
2024-10-23 16:00:00+00:00,0.0033145500000000003
2024-10-23 16:30:00+00:00,0.004381405
2024-10-23 17:00:00+00:00,0.00544826
2024-10-23 17:30:00+00:00,0.004722280000000001
2024-10-23 18:00:00+00:00,0.0039963
2024-10-23 18:30:00+00:00,0.003691375
2024-10-23 19:00:00+00:00,0.00338645
2024-10-23 19:30:00+00:00,0.003259535
2024-10-23 20:00:00+00:00,0.00313262
2024-10-23 20:30:00+00:00,0.003171015
2024-10-23 21:00:00+00:00,0.00320941
2024-10-23 21:30:00+00:00,0.005855285
2024-10-23 22:00:00+00:00,0.00850116
2024-10-23 22:30:00+00:00,0.017610525000000002
2024-10-23 23:00:00+00:00,0.02671989
2024-10-23 23:30:00+00:00,0.03899992
2024-10-24 00:00:00+00:00,0.05127995
2024-10-24 00:30:00+00:00,0.051949305
2024-10-24 01:00:00+00:00,0.05261866
2024-10-24 01:30:00+00:00,0.04905262
2024-10-24 02:00:00+00:00,0.04548658
2024-10-24 02:30:00+00:00,0.04383824
2024-10-24 03:00:00+00:00,0.0421899
2024-10-24 03:30:00+00:00,0.041874480000000006
2024-10-24 04:00:00+00:00,0.04155906
2024-10-24 04:30:00+00:00,0.0390037
2024-10-24 05:00:00+00:00,0.03644834
2024-10-24 05:30:00+00:00,0.035719685
2024-10-24 06:00:00+00:00,0.03499103
2024-10-24 06:30:00+00:00,0.036252605
2024-10-24 07:00:00+00:00,0.03751418
2024-10-24 07:30:00+00:00,0.036823105
2024-10-24 08:00:00+00:00,0.03613203
2024-10-24 08:30:00+00:00,0.0357292
2024-10-24 09:00:00+00:00,0.035326369999999996
2024-10-24 09:30:00+00:00,0.035315849999999996
2024-10-24 10:00:00+00:00,0.035305329999999996
2024-10-24 10:30:00+00:00,0.035732299999999995
2024-10-24 11:00:00+00:00,0.03615927
2024-10-24 11:30:00+00:00,0.03825871
2024-10-24 12:00:00+00:00,0.04035815
2024-10-24 12:30:00+00:00,0.04306853000000001
2024-10-24 13:00:00+00:00,0.045778910000000006
2024-10-24 13:30:00+00:00,0.04653597
2024-10-24 14:00:00+00:00,0.04729303
2024-10-24 14:30:00+00:00,0.03257296
2024-10-24 15:00:00+00:00,0.01785289
2024-10-24 15:30:00+00:00,0.012070879999999999
2024-10-24 16:00:00+00:00,0.00628887
2024-10-24 16:30:00+00:00,0.00561092
2024-10-24 17:00:00+00:00,0.00493297
2024-10-24 17:30:00+00:00,0.004879649999999999
2024-10-24 18:00:00+00:00,0.004826329999999999
2024-10-24 18:30:00+00:00,0.00482156
2024-10-24 19:00:00+00:00,0.0048167900000000005
2024-10-24 19:30:00+00:00,0.0053375950000000005
2024-10-24 20:00:00+00:00,0.0058584
2024-10-24 20:30:00+00:00,0.005063244999999999
2024-10-24 21:00:00+00:00,0.0042680899999999996
2024-10-24 21:30:00+00:00,0.005266544999999999
2024-10-24 22:00:00+00:00,0.006265
2024-10-24 22:30:00+00:00,0.01892206
2024-10-24 23:00:00+00:00,0.03157912
2024-10-24 23:30:00+00:00,0.042999630000000004
2024-10-25 00:00:00+00:00,0.054420140000000006
2024-10-25 00:30:00+00:00,0.05661687
2024-10-25 01:00:00+00:00,0.0588136
2024-10-25 01:30:00+00:00,0.0565328
2024-10-25 02:00:00+00:00,0.054252
2024-10-25 02:30:00+00:00,0.05349570000000001
2024-10-25 03:00:00+00:00,0.052739400000000006
2024-10-25 03:30:00+00:00,0.05147056
2024-10-25 04:00:00+00:00,0.05020172
2024-10-25 04:30:00+00:00,0.047144385
2024-10-25 05:00:00+00:00,0.044087049999999996
2024-10-25 05:30:00+00:00,0.042951335
2024-10-25 06:00:00+00:00,0.041815620000000005
2024-10-25 06:30:00+00:00,0.045442835
2024-10-25 07:00:00+00:00,0.049070050000000004
2024-10-25 07:30:00+00:00,0.047786925
2024-10-25 08:00:00+00:00,0.0465038
2024-10-25 08:30:00+00:00,0.045294310000000004
2024-10-25 09:00:00+00:00,0.044084820000000004
2024-10-25 09:30:00+00:00,0.04366975000000001
2024-10-25 10:00:00+00:00,0.043254680000000004
2024-10-25 10:30:00+00:00,0.044475615
2024-10-25 11:00:00+00:00,0.04569655
2024-10-25 11:30:00+00:00,0.047043225
2024-10-25 12:00:00+00:00,0.0483899
2024-10-25 12:30:00+00:00,0.049710775
2024-10-25 13:00:00+00:00,0.05103165
2024-10-25 13:30:00+00:00,0.049615225
2024-10-25 14:00:00+00:00,0.0481988
2024-10-25 14:30:00+00:00,0.034942305
2024-10-25 15:00:00+00:00,0.02168581
2024-10-25 15:30:00+00:00,0.017054465
2024-10-25 16:00:00+00:00,0.012423120000000001
2024-10-25 16:30:00+00:00,0.010624255
2024-10-25 17:00:00+00:00,0.00882539
2024-10-25 17:30:00+00:00,0.00915249
2024-10-25 18:00:00+00:00,0.00947959
2024-10-25 18:30:00+00:00,0.010232595
2024-10-25 19:00:00+00:00,0.0109856
2024-10-25 19:30:00+00:00,0.012984385
2024-10-25 20:00:00+00:00,0.014983169999999999
2024-10-25 20:30:00+00:00,0.01459687
2024-10-25 21:00:00+00:00,0.01421057
2024-10-25 21:30:00+00:00,0.020226695
2024-10-25 22:00:00+00:00,0.026242819999999997
2024-10-25 22:30:00+00:00,0.03144982
2024-10-25 23:00:00+00:00,0.03665682000000001
2024-10-25 23:30:00+00:00,0.045718850000000005
2024-10-26 00:00:00+00:00,0.054780880000000004
2024-10-26 00:30:00+00:00,0.055327205000000004
2024-10-26 01:00:00+00:00,0.055873530000000005
2024-10-26 01:30:00+00:00,0.053363645
2024-10-26 02:00:00+00:00,0.05085376
2024-10-26 02:30:00+00:00,0.050595665
2024-10-26 03:00:00+00:00,0.05033757
2024-10-26 03:30:00+00:00,0.049880325
2024-10-26 04:00:00+00:00,0.04942308
2024-10-26 04:30:00+00:00,0.047812405
2024-10-26 05:00:00+00:00,0.046201729999999996
2024-10-26 05:30:00+00:00,0.04520618
2024-10-26 06:00:00+00:00,0.04421063
2024-10-26 06:30:00+00:00,0.044260065
2024-10-26 07:00:00+00:00,0.0443095
2024-10-26 07:30:00+00:00,0.043455655
2024-10-26 08:00:00+00:00,0.042601810000000004
2024-10-26 08:30:00+00:00,0.04242598
2024-10-26 09:00:00+00:00,0.04225015
2024-10-26 09:30:00+00:00,0.04195182
2024-10-26 10:00:00+00:00,0.04165349
2024-10-26 10:30:00+00:00,0.041598085
2024-10-26 11:00:00+00:00,0.04154268
2024-10-26 11:30:00+00:00,0.0419467
2024-10-26 12:00:00+00:00,0.04235072
2024-10-26 12:30:00+00:00,0.04337342
2024-10-26 13:00:00+00:00,0.044396120000000004
2024-10-26 13:30:00+00:00,0.042616525
2024-10-26 14:00:00+00:00,0.04083693
2024-10-26 14:30:00+00:00,0.035000215
2024-10-26 15:00:00+00:00,0.0291635
2024-10-26 15:30:00+00:00,0.02030672
2024-10-26 16:00:00+00:00,0.01144994
2024-10-26 16:30:00+00:00,0.011101355
2024-10-26 17:00:00+00:00,0.01075277
2024-10-26 17:30:00+00:00,0.010569155
2024-10-26 18:00:00+00:00,0.01038554
2024-10-26 18:30:00+00:00,0.010362570000000002
2024-10-26 19:00:00+00:00,0.010339600000000001
2024-10-26 19:30:00+00:00,0.010771275
2024-10-26 20:00:00+00:00,0.01120295
2024-10-26 20:30:00+00:00,0.012080975
2024-10-26 21:00:00+00:00,0.012959
2024-10-26 21:30:00+00:00,0.021682720000000003
2024-10-26 22:00:00+00:00,0.03040644
2024-10-26 22:30:00+00:00,0.0358016
2024-10-26 23:00:00+00:00,0.04119676
2024-10-26 23:30:00+00:00,0.04834862
2024-10-27 00:00:00+00:00,0.055500480000000005
2024-10-27 00:30:00+00:00,0.05471103
2024-10-27 01:00:00+00:00,0.05392158
2024-10-27 01:30:00+00:00,0.052298239999999996
2024-10-27 02:00:00+00:00,0.0506749
2024-10-27 02:30:00+00:00,0.050559725
2024-10-27 03:00:00+00:00,0.05044455
2024-10-27 03:30:00+00:00,0.050090405000000005
2024-10-27 04:00:00+00:00,0.049736260000000004
2024-10-27 04:30:00+00:00,0.049051540000000005
2024-10-27 05:00:00+00:00,0.04836682
2024-10-27 05:30:00+00:00,0.045960655
2024-10-27 06:00:00+00:00,0.04355449
2024-10-27 06:30:00+00:00,0.04197637
2024-10-27 07:00:00+00:00,0.04039825
2024-10-27 07:30:00+00:00,0.039801935
2024-10-27 08:00:00+00:00,0.039205620000000004
2024-10-27 08:30:00+00:00,0.03805939
2024-10-27 09:00:00+00:00,0.03691316
2024-10-27 09:30:00+00:00,0.037537235
2024-10-27 10:00:00+00:00,0.03816131
2024-10-27 10:30:00+00:00,0.038199675
2024-10-27 11:00:00+00:00,0.03823804
2024-10-27 11:30:00+00:00,0.037537135
2024-10-27 12:00:00+00:00,0.03683623
2024-10-27 12:30:00+00:00,0.03656872
2024-10-27 13:00:00+00:00,0.03630121
2024-10-27 13:30:00+00:00,0.034469155
2024-10-27 14:00:00+00:00,0.032637099999999995
2024-10-27 14:30:00+00:00,0.020450444999999998
2024-10-27 15:00:00+00:00,0.00826379
2024-10-27 15:30:00+00:00,0.0093826
2024-10-27 16:00:00+00:00,0.01050141
2024-10-27 16:30:00+00:00,0.008409179999999999
2024-10-27 17:00:00+00:00,0.00631695
2024-10-27 17:30:00+00:00,0.005909565
2024-10-27 18:00:00+00:00,0.00550218
2024-10-27 18:30:00+00:00,0.0055189
2024-10-27 19:00:00+00:00,0.00553562
2024-10-27 19:30:00+00:00,0.005576134999999999
2024-10-27 20:00:00+00:00,0.00561665
2024-10-27 20:30:00+00:00,0.0066500299999999995
2024-10-27 21:00:00+00:00,0.00768341
2024-10-27 21:30:00+00:00,0.009491705
2024-10-27 22:00:00+00:00,0.011300000000000001
2024-10-27 22:30:00+00:00,0.022170055
2024-10-27 23:00:00+00:00,0.03304011
2024-10-27 23:30:00+00:00,0.036755655
2024-10-28 00:00:00+00:00,0.040471200000000006
2024-10-28 00:30:00+00:00,0.040182010000000004
2024-10-28 01:00:00+00:00,0.03989282
2024-10-28 01:30:00+00:00,0.039086965
2024-10-28 02:00:00+00:00,0.03828111
2024-10-28 02:30:00+00:00,0.038147435
2024-10-28 03:00:00+00:00,0.03801376
2024-10-28 03:30:00+00:00,0.03805969
2024-10-28 04:00:00+00:00,0.03810562
2024-10-28 04:30:00+00:00,0.03569255
2024-10-28 05:00:00+00:00,0.03327948
2024-10-28 05:30:00+00:00,0.03178464
2024-10-28 06:00:00+00:00,0.0302898
2024-10-28 06:30:00+00:00,0.02825389
2024-10-28 07:00:00+00:00,0.026217980000000002
2024-10-28 07:30:00+00:00,0.02655109
2024-10-28 08:00:00+00:00,0.0268842
2024-10-28 08:30:00+00:00,0.026982085
2024-10-28 09:00:00+00:00,0.02707997
2024-10-28 09:30:00+00:00,0.028193274999999997
2024-10-28 10:00:00+00:00,0.02930658
2024-10-28 10:30:00+00:00,0.02957911
2024-10-28 11:00:00+00:00,0.02985164
2024-10-28 11:30:00+00:00,0.03157538
2024-10-28 12:00:00+00:00,0.03329912
2024-10-28 12:30:00+00:00,0.036634815
2024-10-28 13:00:00+00:00,0.03997051
2024-10-28 13:30:00+00:00,0.037506645000000005
2024-10-28 14:00:00+00:00,0.03504278
2024-10-28 14:30:00+00:00,0.02770177
2024-10-28 15:00:00+00:00,0.02036076
2024-10-28 15:30:00+00:00,0.01288334
2024-10-28 16:00:00+00:00,0.00540592
2024-10-28 16:30:00+00:00,0.00195253
2024-10-28 17:00:00+00:00,-0.0015008600000000001
2024-10-28 17:30:00+00:00,-0.0015220799999999999
2024-10-28 18:00:00+00:00,-0.0015432999999999998
2024-10-28 18:30:00+00:00,-0.001487945
2024-10-28 19:00:00+00:00,-0.00143259
2024-10-28 19:30:00+00:00,-0.001632535
2024-10-28 20:00:00+00:00,-0.00183248
2024-10-28 20:30:00+00:00,-0.00177858
2024-10-28 21:00:00+00:00,-0.00172468
2024-10-28 21:30:00+00:00,-0.0017351950000000001
2024-10-28 22:00:00+00:00,-0.0017457100000000001
2024-10-28 22:30:00+00:00,0.005725375
2024-10-28 23:00:00+00:00,0.01319646
2024-10-28 23:30:00+00:00,0.027068309999999998
2024-10-29 00:00:00+00:00,0.040940159999999996
2024-10-29 00:30:00+00:00,0.04161623
2024-10-29 01:00:00+00:00,0.0422923
2024-10-29 01:30:00+00:00,0.04181172
2024-10-29 02:00:00+00:00,0.041331139999999995
2024-10-29 02:30:00+00:00,0.04109251
2024-10-29 03:00:00+00:00,0.040853879999999995
2024-10-29 03:30:00+00:00,0.03908849
2024-10-29 04:00:00+00:00,0.0373231
2024-10-29 04:30:00+00:00,0.036653649999999996
2024-10-29 05:00:00+00:00,0.0359842
2024-10-29 05:30:00+00:00,0.033906975000000006
2024-10-29 06:00:00+00:00,0.031829750000000004
2024-10-29 06:30:00+00:00,0.035497345
2024-10-29 07:00:00+00:00,0.03916494
2024-10-29 07:30:00+00:00,0.039131330000000006
2024-10-29 08:00:00+00:00,0.03909772
2024-10-29 08:30:00+00:00,0.03937413
2024-10-29 09:00:00+00:00,0.03965054
2024-10-29 09:30:00+00:00,0.040423105
2024-10-29 10:00:00+00:00,0.04119567
2024-10-29 10:30:00+00:00,0.041329529999999996
2024-10-29 11:00:00+00:00,0.041463389999999996
2024-10-29 11:30:00+00:00,0.04363631999999999
2024-10-29 12:00:00+00:00,0.045809249999999996
2024-10-29 12:30:00+00:00,0.049449805
2024-10-29 13:00:00+00:00,0.053090359999999996
2024-10-29 13:30:00+00:00,0.048248735
2024-10-29 14:00:00+00:00,0.043407110000000006
2024-10-29 14:30:00+00:00,0.022379005000000004
2024-10-29 15:00:00+00:00,0.0013509
2024-10-29 15:30:00+00:00,0.000596545
2024-10-29 16:00:00+00:00,-0.00015781
2024-10-29 16:30:00+00:00,-0.00106074
2024-10-29 17:00:00+00:00,-0.00196367
2024-10-29 17:30:00+00:00,-0.002251365
2024-10-29 18:00:00+00:00,-0.00253906
2024-10-29 18:30:00+00:00,-0.00245075
2024-10-29 19:00:00+00:00,-0.00236244
2024-10-29 19:30:00+00:00,-0.0025534299999999998
2024-10-29 20:00:00+00:00,-0.00274442
2024-10-29 20:30:00+00:00,-0.002530225
2024-10-29 21:00:00+00:00,-0.00231603
2024-10-29 21:30:00+00:00,-0.0018885
2024-10-29 22:00:00+00:00,-0.00146097
2024-10-29 22:30:00+00:00,0.0042911600000000005
2024-10-29 23:00:00+00:00,0.01004329
2024-10-29 23:30:00+00:00,0.028961980000000002
2024-10-30 00:00:00+00:00,0.04788067
2024-10-30 00:30:00+00:00,0.04813567
2024-10-30 01:00:00+00:00,0.04839067
2024-10-30 01:30:00+00:00,0.04804483
2024-10-30 02:00:00+00:00,0.047698990000000004
2024-10-30 02:30:00+00:00,0.04572817
2024-10-30 03:00:00+00:00,0.04375735
2024-10-30 03:30:00+00:00,0.04363308
2024-10-30 04:00:00+00:00,0.043508809999999995
2024-10-30 04:30:00+00:00,0.04441389999999999
2024-10-30 05:00:00+00:00,0.045318989999999996
2024-10-30 05:30:00+00:00,0.04613676
2024-10-30 06:00:00+00:00,0.04695453
2024-10-30 06:30:00+00:00,0.05279258
2024-10-30 07:00:00+00:00,0.058630629999999996
2024-10-30 07:30:00+00:00,0.05607189
2024-10-30 08:00:00+00:00,0.05351315
2024-10-30 08:30:00+00:00,0.05287494
2024-10-30 09:00:00+00:00,0.05223673
2024-10-30 09:30:00+00:00,0.05234383
2024-10-30 10:00:00+00:00,0.05245093
2024-10-30 10:30:00+00:00,0.05269105
2024-10-30 11:00:00+00:00,0.05293117
2024-10-30 11:30:00+00:00,0.056361839999999996
2024-10-30 12:00:00+00:00,0.05979251
2024-10-30 12:30:00+00:00,0.060057084999999996
2024-10-30 13:00:00+00:00,0.06032166
2024-10-30 13:30:00+00:00,0.0603245
2024-10-30 14:00:00+00:00,0.06032734
2024-10-30 14:30:00+00:00,0.04913479
2024-10-30 15:00:00+00:00,0.037942239999999995
2024-10-30 15:30:00+00:00,0.029763579999999998
2024-10-30 16:00:00+00:00,0.02158492
2024-10-30 16:30:00+00:00,0.019349415000000002
2024-10-30 17:00:00+00:00,0.01711391
2024-10-30 17:30:00+00:00,0.015263535
2024-10-30 18:00:00+00:00,0.01341316
2024-10-30 18:30:00+00:00,0.01299877
2024-10-30 19:00:00+00:00,0.01258438
2024-10-30 19:30:00+00:00,0.013411895
2024-10-30 20:00:00+00:00,0.01423941
2024-10-30 20:30:00+00:00,0.013591369999999998
2024-10-30 21:00:00+00:00,0.01294333
2024-10-30 21:30:00+00:00,0.01466052
2024-10-30 22:00:00+00:00,0.01637771
2024-10-30 22:30:00+00:00,0.02905838
2024-10-30 23:00:00+00:00,0.04173905
2024-10-30 23:30:00+00:00,0.048435355
2024-10-31 00:00:00+00:00,0.05513166
2024-10-31 00:30:00+00:00,0.056296655
2024-10-31 01:00:00+00:00,0.057461649999999996
2024-10-31 01:30:00+00:00,0.057531719999999995
2024-10-31 02:00:00+00:00,0.05760179
2024-10-31 02:30:00+00:00,0.05668337
2024-10-31 03:00:00+00:00,0.05576495
2024-10-31 03:30:00+00:00,0.055910329999999994
2024-10-31 04:00:00+00:00,0.056055709999999995
2024-10-31 04:30:00+00:00,0.05540723
2024-10-31 05:00:00+00:00,0.05475875
2024-10-31 05:30:00+00:00,0.054050575000000003
2024-10-31 06:00:00+00:00,0.0533424
2024-10-31 06:30:00+00:00,0.046265025
2024-10-31 07:00:00+00:00,0.03918765
2024-10-31 07:30:00+00:00,0.039203434999999995
2024-10-31 08:00:00+00:00,0.03921922
2024-10-31 08:30:00+00:00,0.038987345
2024-10-31 09:00:00+00:00,0.03875547
2024-10-31 09:30:00+00:00,0.038912005
2024-10-31 10:00:00+00:00,0.03906854
2024-10-31 10:30:00+00:00,0.041589310000000004
2024-10-31 11:00:00+00:00,0.04411008
2024-10-31 11:30:00+00:00,0.04618113
2024-10-31 12:00:00+00:00,0.048252180000000006
2024-10-31 12:30:00+00:00,0.049178435000000006
2024-10-31 13:00:00+00:00,0.05010469
2024-10-31 13:30:00+00:00,0.049388095
2024-10-31 14:00:00+00:00,0.0486715
2024-10-31 14:30:00+00:00,0.03905132
2024-10-31 15:00:00+00:00,0.029431139999999998
2024-10-31 15:30:00+00:00,0.012001564999999999
2024-10-31 16:00:00+00:00,-0.00542801
2024-10-31 16:30:00+00:00,-0.00798988
2024-10-31 17:00:00+00:00,-0.01055175
2024-10-31 17:30:00+00:00,-0.009067085
2024-10-31 18:00:00+00:00,-0.00758242
2024-10-31 18:30:00+00:00,-0.007001325
2024-10-31 19:00:00+00:00,-0.00642023
2024-10-31 19:30:00+00:00,-0.006408065
2024-10-31 20:00:00+00:00,-0.0063959
2024-10-31 20:30:00+00:00,-0.007457715
2024-10-31 21:00:00+00:00,-0.008519529999999999
2024-10-31 21:30:00+00:00,-0.007083889999999999
2024-10-31 22:00:00+00:00,-0.00564825
2024-10-31 22:30:00+00:00,0.000526495000000001
2024-10-31 23:00:00+00:00,0.006701240000000001
2024-10-31 23:30:00+00:00,0.026520115
2024-11-01 00:00:00+00:00,0.046338990000000004
2024-11-01 00:30:00+00:00,0.046236985
2024-11-01 01:00:00+00:00,0.04613498
2024-11-01 01:30:00+00:00,0.045898415
2024-11-01 02:00:00+00:00,0.045661850000000004
2024-11-01 02:30:00+00:00,0.044841725
2024-11-01 03:00:00+00:00,0.0440216
2024-11-01 03:30:00+00:00,0.04317335
2024-11-01 04:00:00+00:00,0.0423251
2024-11-01 04:30:00+00:00,0.041590345
2024-11-01 05:00:00+00:00,0.04085559
2024-11-01 05:30:00+00:00,0.038472115
2024-11-01 06:00:00+00:00,0.03608864
2024-11-01 06:30:00+00:00,0.038356224999999994
2024-11-01 07:00:00+00:00,0.040623809999999996
2024-11-01 07:30:00+00:00,0.04036863
2024-11-01 08:00:00+00:00,0.04011345
2024-11-01 08:30:00+00:00,0.03941338
2024-11-01 09:00:00+00:00,0.03871331
2024-11-01 09:30:00+00:00,0.039111525
2024-11-01 10:00:00+00:00,0.03950974
2024-11-01 10:30:00+00:00,0.040884655
2024-11-01 11:00:00+00:00,0.042259569999999996
2024-11-01 11:30:00+00:00,0.045352069999999994
2024-11-01 12:00:00+00:00,0.04844457
2024-11-01 12:30:00+00:00,0.05090257
2024-11-01 13:00:00+00:00,0.05336057
2024-11-01 13:30:00+00:00,0.053053845
2024-11-01 14:00:00+00:00,0.05274712
2024-11-01 14:30:00+00:00,0.04264498
2024-11-01 15:00:00+00:00,0.032542839999999996
2024-11-01 15:30:00+00:00,0.021320475
2024-11-01 16:00:00+00:00,0.01009811
2024-11-01 16:30:00+00:00,0.009818050000000002
2024-11-01 17:00:00+00:00,0.009537990000000001
2024-11-01 17:30:00+00:00,0.009086770000000001
2024-11-01 18:00:00+00:00,0.00863555
2024-11-01 18:30:00+00:00,0.00845703
2024-11-01 19:00:00+00:00,0.008278510000000001
2024-11-01 19:30:00+00:00,0.008054990000000001
2024-11-01 20:00:00+00:00,0.00783147
2024-11-01 20:30:00+00:00,0.00704179
2024-11-01 21:00:00+00:00,0.00625211
2024-11-01 21:30:00+00:00,0.007558005
2024-11-01 22:00:00+00:00,0.0088639
2024-11-01 22:30:00+00:00,0.01978775
2024-11-01 23:00:00+00:00,0.030711600000000002
2024-11-01 23:30:00+00:00,0.03798327
2024-11-02 00:00:00+00:00,0.04525494
2024-11-02 00:30:00+00:00,0.045662085
2024-11-02 01:00:00+00:00,0.046069229999999996
2024-11-02 01:30:00+00:00,0.045064969999999996
2024-11-02 02:00:00+00:00,0.04406071
2024-11-02 02:30:00+00:00,0.043934025
2024-11-02 03:00:00+00:00,0.04380734
2024-11-02 03:30:00+00:00,0.043806109999999995
2024-11-02 04:00:00+00:00,0.04380488
2024-11-02 04:30:00+00:00,0.04372408
2024-11-02 05:00:00+00:00,0.04364328
2024-11-02 05:30:00+00:00,0.043319065000000004
2024-11-02 06:00:00+00:00,0.04299485
2024-11-02 06:30:00+00:00,0.039099705
2024-11-02 07:00:00+00:00,0.03520456
2024-11-02 07:30:00+00:00,0.034960210000000005
2024-11-02 08:00:00+00:00,0.03471586
2024-11-02 08:30:00+00:00,0.03378566
2024-11-02 09:00:00+00:00,0.03285546
2024-11-02 09:30:00+00:00,0.032418955
2024-11-02 10:00:00+00:00,0.03198245
2024-11-02 10:30:00+00:00,0.03263107
2024-11-02 11:00:00+00:00,0.03327969
2024-11-02 11:30:00+00:00,0.034145455000000005
2024-11-02 12:00:00+00:00,0.03501122
2024-11-02 12:30:00+00:00,0.035030665
2024-11-02 13:00:00+00:00,0.035050109999999995
2024-11-02 13:30:00+00:00,0.03366971
2024-11-02 14:00:00+00:00,0.03228931
2024-11-02 14:30:00+00:00,0.027919890000000003
2024-11-02 15:00:00+00:00,0.02355047
2024-11-02 15:30:00+00:00,0.01687051
2024-11-02 16:00:00+00:00,0.01019055
2024-11-02 16:30:00+00:00,0.007221615
2024-11-02 17:00:00+00:00,0.00425268
2024-11-02 17:30:00+00:00,0.002913015
2024-11-02 18:00:00+00:00,0.00157335
2024-11-02 18:30:00+00:00,-5.873500000000008e-05
2024-11-02 19:00:00+00:00,-0.00169082
2024-11-02 19:30:00+00:00,-0.002411695
2024-11-02 20:00:00+00:00,-0.00313257
2024-11-02 20:30:00+00:00,-0.003090415
2024-11-02 21:00:00+00:00,-0.00304826
2024-11-02 21:30:00+00:00,-0.004012735
2024-11-02 22:00:00+00:00,-0.00497721
2024-11-02 22:30:00+00:00,0.00173113
2024-11-02 23:00:00+00:00,0.00843947
2024-11-02 23:30:00+00:00,0.021388615
2024-11-03 00:00:00+00:00,0.03433776
2024-11-03 00:30:00+00:00,0.0345209
2024-11-03 01:00:00+00:00,0.03470404
2024-11-03 01:30:00+00:00,0.03482248
2024-11-03 02:00:00+00:00,0.03494092
2024-11-03 02:30:00+00:00,0.034832395
2024-11-03 03:00:00+00:00,0.03472387
2024-11-03 03:30:00+00:00,0.034506545
2024-11-03 04:00:00+00:00,0.03428922
2024-11-03 04:30:00+00:00,0.033711370000000004
2024-11-03 05:00:00+00:00,0.03313352
2024-11-03 05:30:00+00:00,0.032859225
2024-11-03 06:00:00+00:00,0.03258493
2024-11-03 06:30:00+00:00,0.032770615
2024-11-03 07:00:00+00:00,0.0329563
2024-11-03 07:30:00+00:00,0.03260665
2024-11-03 08:00:00+00:00,0.032257
2024-11-03 08:30:00+00:00,0.032273175
2024-11-03 09:00:00+00:00,0.03228935
2024-11-03 09:30:00+00:00,0.032171580000000005
2024-11-03 10:00:00+00:00,0.03205381
2024-11-03 10:30:00+00:00,0.0317869
2024-11-03 11:00:00+00:00,0.03151999
2024-11-03 11:30:00+00:00,0.031191865
2024-11-03 12:00:00+00:00,0.03086374
2024-11-03 12:30:00+00:00,0.030915335000000002
2024-11-03 13:00:00+00:00,0.03096693
2024-11-03 13:30:00+00:00,0.03025452
2024-11-03 14:00:00+00:00,0.02954211
2024-11-03 14:30:00+00:00,0.01594756
2024-11-03 15:00:00+00:00,0.00235301
2024-11-03 15:30:00+00:00,-0.0022520150000000004
2024-11-03 16:00:00+00:00,-0.00685704
2024-11-03 16:30:00+00:00,-0.0075159300000000005
2024-11-03 17:00:00+00:00,-0.008174820000000001
2024-11-03 17:30:00+00:00,-0.00826082
2024-11-03 18:00:00+00:00,-0.00834682
2024-11-03 18:30:00+00:00,-0.008353900000000001
2024-11-03 19:00:00+00:00,-0.00836098
2024-11-03 19:30:00+00:00,-0.0080332
2024-11-03 20:00:00+00:00,-0.00770542
2024-11-03 20:30:00+00:00,-0.0077887849999999995
2024-11-03 21:00:00+00:00,-0.00787215
2024-11-03 21:30:00+00:00,-0.007566635
2024-11-03 22:00:00+00:00,-0.00726112
2024-11-03 22:30:00+00:00,-0.0014101349999999999
2024-11-03 23:00:00+00:00,0.0044408500000000005
2024-11-03 23:30:00+00:00,0.01887638
2024-11-04 00:00:00+00:00,0.03331191
2024-11-04 00:30:00+00:00,0.033585395000000004
2024-11-04 01:00:00+00:00,0.03385888
2024-11-04 01:30:00+00:00,0.033859275
2024-11-04 02:00:00+00:00,0.03385967
2024-11-04 02:30:00+00:00,0.034066465000000004
2024-11-04 03:00:00+00:00,0.03427326
2024-11-04 03:30:00+00:00,0.03443715
2024-11-04 04:00:00+00:00,0.03460104
2024-11-04 04:30:00+00:00,0.03441212
2024-11-04 05:00:00+00:00,0.034223199999999995
2024-11-04 05:30:00+00:00,0.03424322
2024-11-04 06:00:00+00:00,0.03426324
2024-11-04 06:30:00+00:00,0.033278644999999996
2024-11-04 07:00:00+00:00,0.03229405
2024-11-04 07:30:00+00:00,0.035990999999999995
2024-11-04 08:00:00+00:00,0.03968795
2024-11-04 08:30:00+00:00,0.039087575
2024-11-04 09:00:00+00:00,0.0384872
2024-11-04 09:30:00+00:00,0.037156549999999997
2024-11-04 10:00:00+00:00,0.035825899999999994
2024-11-04 10:30:00+00:00,0.035918979999999996
2024-11-04 11:00:00+00:00,0.03601206
2024-11-04 11:30:00+00:00,0.03747172
2024-11-04 12:00:00+00:00,0.038931379999999995
2024-11-04 12:30:00+00:00,0.04166038
2024-11-04 13:00:00+00:00,0.044389380000000006
2024-11-04 13:30:00+00:00,0.043561665
2024-11-04 14:00:00+00:00,0.04273395
2024-11-04 14:30:00+00:00,0.03334756
2024-11-04 15:00:00+00:00,0.02396117
2024-11-04 15:30:00+00:00,0.01635486
2024-11-04 16:00:00+00:00,0.008748549999999999
2024-11-04 16:30:00+00:00,0.00839399
2024-11-04 17:00:00+00:00,0.00803943
2024-11-04 17:30:00+00:00,0.00819638
2024-11-04 18:00:00+00:00,0.008353329999999999
2024-11-04 18:30:00+00:00,0.00844723
2024-11-04 19:00:00+00:00,0.008541130000000001
2024-11-04 19:30:00+00:00,0.008894510000000001
2024-11-04 20:00:00+00:00,0.00924789
2024-11-04 20:30:00+00:00,0.00910567
2024-11-04 21:00:00+00:00,0.00896345
2024-11-04 21:30:00+00:00,0.00894387
2024-11-04 22:00:00+00:00,0.00892429
2024-11-04 22:30:00+00:00,0.0183467
2024-11-04 23:00:00+00:00,0.02776911
2024-11-04 23:30:00+00:00,0.036445655
2024-11-05 00:00:00+00:00,0.0451222
2024-11-05 00:30:00+00:00,0.04822249
2024-11-05 01:00:00+00:00,0.05132278
2024-11-05 01:30:00+00:00,0.048469
2024-11-05 02:00:00+00:00,0.04561522
2024-11-05 02:30:00+00:00,0.045305045
2024-11-05 03:00:00+00:00,0.04499487
2024-11-05 03:30:00+00:00,0.044928425
2024-11-05 04:00:00+00:00,0.04486198
2024-11-05 04:30:00+00:00,0.044562335
2024-11-05 05:00:00+00:00,0.04426269
2024-11-05 05:30:00+00:00,0.04406877
2024-11-05 06:00:00+00:00,0.04387485
2024-11-05 06:30:00+00:00,0.04254886
2024-11-05 07:00:00+00:00,0.04122287
2024-11-05 07:30:00+00:00,0.039588750000000006
2024-11-05 08:00:00+00:00,0.03795463
2024-11-05 08:30:00+00:00,0.03691689000000001
2024-11-05 09:00:00+00:00,0.035879150000000005
2024-11-05 09:30:00+00:00,0.035612695
2024-11-05 10:00:00+00:00,0.03534624
2024-11-05 10:30:00+00:00,0.035280635000000005
2024-11-05 11:00:00+00:00,0.03521503
2024-11-05 11:30:00+00:00,0.035967675000000005
2024-11-05 12:00:00+00:00,0.03672032
2024-11-05 12:30:00+00:00,0.039661475
2024-11-05 13:00:00+00:00,0.042602629999999996
2024-11-05 13:30:00+00:00,0.042691364999999995
2024-11-05 14:00:00+00:00,0.042780099999999995
2024-11-05 14:30:00+00:00,0.035863229999999996
2024-11-05 15:00:00+00:00,0.028946359999999997
2024-11-05 15:30:00+00:00,0.018585149999999998
2024-11-05 16:00:00+00:00,0.00822394
2024-11-05 16:30:00+00:00,0.007116595
2024-11-05 17:00:00+00:00,0.00600925
2024-11-05 17:30:00+00:00,0.00625438
2024-11-05 18:00:00+00:00,0.00649951
2024-11-05 18:30:00+00:00,0.006405835
2024-11-05 19:00:00+00:00,0.006312160000000001
2024-11-05 19:30:00+00:00,0.00577453
2024-11-05 20:00:00+00:00,0.0052369
2024-11-05 20:30:00+00:00,0.0035746
2024-11-05 21:00:00+00:00,0.0019123
2024-11-05 21:30:00+00:00,0.004015875
2024-11-05 22:00:00+00:00,0.006119449999999999
2024-11-05 22:30:00+00:00,0.02047893
2024-11-05 23:00:00+00:00,0.03483841
2024-11-05 23:30:00+00:00,0.038895815
2024-11-06 00:00:00+00:00,0.04295322
2024-11-06 00:30:00+00:00,0.04538629
2024-11-06 01:00:00+00:00,0.047819360000000005
2024-11-06 01:30:00+00:00,0.044814740000000006
2024-11-06 02:00:00+00:00,0.04181012
2024-11-06 02:30:00+00:00,0.041668625
2024-11-06 03:00:00+00:00,0.04152713
2024-11-06 03:30:00+00:00,0.041144075
2024-11-06 04:00:00+00:00,0.04076102
2024-11-06 04:30:00+00:00,0.040592275
2024-11-06 05:00:00+00:00,0.04042353
2024-11-06 05:30:00+00:00,0.039519455
2024-11-06 06:00:00+00:00,0.038615380000000005
2024-11-06 06:30:00+00:00,0.03736769
2024-11-06 07:00:00+00:00,0.03612
2024-11-06 07:30:00+00:00,0.03741398
2024-11-06 08:00:00+00:00,0.03870796
2024-11-06 08:30:00+00:00,0.03867421
2024-11-06 09:00:00+00:00,0.038640459999999995
2024-11-06 09:30:00+00:00,0.038526674999999996
2024-11-06 10:00:00+00:00,0.03841289
2024-11-06 10:30:00+00:00,0.038479525
2024-11-06 11:00:00+00:00,0.03854616
2024-11-06 11:30:00+00:00,0.038850550000000005
2024-11-06 12:00:00+00:00,0.039154940000000006
2024-11-06 12:30:00+00:00,0.041993895
2024-11-06 13:00:00+00:00,0.04483285
2024-11-06 13:30:00+00:00,0.045122725
2024-11-06 14:00:00+00:00,0.0454126
2024-11-06 14:30:00+00:00,0.037161865
2024-11-06 15:00:00+00:00,0.02891113
2024-11-06 15:30:00+00:00,0.0150584
2024-11-06 16:00:00+00:00,0.00120567
2024-11-06 16:30:00+00:00,-0.00016049999999999984
2024-11-06 17:00:00+00:00,-0.00152667
2024-11-06 17:30:00+00:00,-0.0017699699999999998
2024-11-06 18:00:00+00:00,-0.0020132699999999997
2024-11-06 18:30:00+00:00,-0.001773715
2024-11-06 19:00:00+00:00,-0.00153416
2024-11-06 19:30:00+00:00,-0.002263685
2024-11-06 20:00:00+00:00,-0.00299321
2024-11-06 20:30:00+00:00,-0.0033370550000000002
2024-11-06 21:00:00+00:00,-0.0036809
2024-11-06 21:30:00+00:00,-0.002688785
2024-11-06 22:00:00+00:00,-0.00169667
2024-11-06 22:30:00+00:00,0.013275885000000001
2024-11-06 23:00:00+00:00,0.02824844
2024-11-06 23:30:00+00:00,0.037611679999999995
2024-11-07 00:00:00+00:00,0.046974919999999996
2024-11-07 00:30:00+00:00,0.04896127
2024-11-07 01:00:00+00:00,0.05094762
2024-11-07 01:30:00+00:00,0.049075289999999994
2024-11-07 02:00:00+00:00,0.047202959999999995
2024-11-07 02:30:00+00:00,0.046825115
2024-11-07 03:00:00+00:00,0.046447270000000006
2024-11-07 03:30:00+00:00,0.04633920500000001
2024-11-07 04:00:00+00:00,0.046231140000000004
2024-11-07 04:30:00+00:00,0.046280470000000004
2024-11-07 05:00:00+00:00,0.0463298
2024-11-07 05:30:00+00:00,0.045893355
2024-11-07 06:00:00+00:00,0.04545691
2024-11-07 06:30:00+00:00,0.044996325000000004
2024-11-07 07:00:00+00:00,0.04453574
2024-11-07 07:30:00+00:00,0.043970135
2024-11-07 08:00:00+00:00,0.043404530000000004
2024-11-07 08:30:00+00:00,0.043216290000000004
2024-11-07 09:00:00+00:00,0.04302805
2024-11-07 09:30:00+00:00,0.043045784999999996
2024-11-07 10:00:00+00:00,0.043063519999999994
2024-11-07 10:30:00+00:00,0.04371451999999999
2024-11-07 11:00:00+00:00,0.04436552
2024-11-07 11:30:00+00:00,0.047551029999999994
2024-11-07 12:00:00+00:00,0.05073654
2024-11-07 12:30:00+00:00,0.051187979999999994
2024-11-07 13:00:00+00:00,0.05163942
2024-11-07 13:30:00+00:00,0.050622534999999996
2024-11-07 14:00:00+00:00,0.049605649999999994
2024-11-07 14:30:00+00:00,0.040250129999999995
2024-11-07 15:00:00+00:00,0.03089461
2024-11-07 15:30:00+00:00,0.017598315
2024-11-07 16:00:00+00:00,0.00430202
2024-11-07 16:30:00+00:00,0.0043143
2024-11-07 17:00:00+00:00,0.00432658
2024-11-07 17:30:00+00:00,0.0044551750000000005
2024-11-07 18:00:00+00:00,0.00458377
2024-11-07 18:30:00+00:00,0.004564395000000001
2024-11-07 19:00:00+00:00,0.00454502
2024-11-07 19:30:00+00:00,0.00442944
2024-11-07 20:00:00+00:00,0.00431386
2024-11-07 20:30:00+00:00,0.00340977
2024-11-07 21:00:00+00:00,0.0025056799999999997
2024-11-07 21:30:00+00:00,0.00356189
2024-11-07 22:00:00+00:00,0.0046181
2024-11-07 22:30:00+00:00,0.02117844
2024-11-07 23:00:00+00:00,0.03773878
2024-11-07 23:30:00+00:00,0.046874445
2024-11-08 00:00:00+00:00,0.056010109999999995
2024-11-08 00:30:00+00:00,0.05654581
2024-11-08 01:00:00+00:00,0.05708151
2024-11-08 01:30:00+00:00,0.056772130000000004
2024-11-08 02:00:00+00:00,0.05646275
2024-11-08 02:30:00+00:00,0.056368075000000004
2024-11-08 03:00:00+00:00,0.0562734
2024-11-08 03:30:00+00:00,0.056099315
2024-11-08 04:00:00+00:00,0.05592523
2024-11-08 04:30:00+00:00,0.056115085
2024-11-08 05:00:00+00:00,0.056304940000000005
2024-11-08 05:30:00+00:00,0.056432585
2024-11-08 06:00:00+00:00,0.056560229999999996
2024-11-08 06:30:00+00:00,0.056222524999999995
2024-11-08 07:00:00+00:00,0.055884819999999995
2024-11-08 07:30:00+00:00,0.051118495
2024-11-08 08:00:00+00:00,0.04635217
2024-11-08 08:30:00+00:00,0.047360084999999996
2024-11-08 09:00:00+00:00,0.048368
2024-11-08 09:30:00+00:00,0.047303325
2024-11-08 10:00:00+00:00,0.04623865
2024-11-08 10:30:00+00:00,0.04625321
2024-11-08 11:00:00+00:00,0.04626777
2024-11-08 11:30:00+00:00,0.04821712
2024-11-08 12:00:00+00:00,0.05016647
2024-11-08 12:30:00+00:00,0.052680204999999994
2024-11-08 13:00:00+00:00,0.05519394
2024-11-08 13:30:00+00:00,0.055024915
2024-11-08 14:00:00+00:00,0.054855890000000004
2024-11-08 14:30:00+00:00,0.041307805
2024-11-08 15:00:00+00:00,0.02775972
2024-11-08 15:30:00+00:00,0.015609810000000002
2024-11-08 16:00:00+00:00,0.0034599
2024-11-08 16:30:00+00:00,0.00358231
2024-11-08 17:00:00+00:00,0.00370472
2024-11-08 17:30:00+00:00,0.00368846
2024-11-08 18:00:00+00:00,0.0036722
2024-11-08 18:30:00+00:00,0.00342559
2024-11-08 19:00:00+00:00,0.00317898
2024-11-08 19:30:00+00:00,0.00155029
2024-11-08 20:00:00+00:00,-7.84e-05
2024-11-08 20:30:00+00:00,-0.000930355
2024-11-08 21:00:00+00:00,-0.00178231
2024-11-08 21:30:00+00:00,0.00018166500000000012
2024-11-08 22:00:00+00:00,0.0021456400000000003
2024-11-08 22:30:00+00:00,0.017191385
2024-11-08 23:00:00+00:00,0.03223713
2024-11-08 23:30:00+00:00,0.04100981000000001
2024-11-09 00:00:00+00:00,0.049782490000000006
2024-11-09 00:30:00+00:00,0.050394480000000005
2024-11-09 01:00:00+00:00,0.05100647
2024-11-09 01:30:00+00:00,0.050290335
2024-11-09 02:00:00+00:00,0.0495742
2024-11-09 02:30:00+00:00,0.049576005
2024-11-09 03:00:00+00:00,0.04957781
2024-11-09 03:30:00+00:00,0.049488950000000004
2024-11-09 04:00:00+00:00,0.04940009
2024-11-09 04:30:00+00:00,0.049382555
2024-11-09 05:00:00+00:00,0.04936502
2024-11-09 05:30:00+00:00,0.049251075000000005
2024-11-09 06:00:00+00:00,0.04913713
2024-11-09 06:30:00+00:00,0.048671610000000004
2024-11-09 07:00:00+00:00,0.04820609
2024-11-09 07:30:00+00:00,0.047732175
2024-11-09 08:00:00+00:00,0.04725826
2024-11-09 08:30:00+00:00,0.046611315
2024-11-09 09:00:00+00:00,0.045964370000000004
2024-11-09 09:30:00+00:00,0.045699895000000004
2024-11-09 10:00:00+00:00,0.04543542
2024-11-09 10:30:00+00:00,0.043410304999999996
2024-11-09 11:00:00+00:00,0.04138519
2024-11-09 11:30:00+00:00,0.043594415
2024-11-09 12:00:00+00:00,0.04580364
2024-11-09 12:30:00+00:00,0.04585511
2024-11-09 13:00:00+00:00,0.045906579999999995
2024-11-09 13:30:00+00:00,0.04565416
2024-11-09 14:00:00+00:00,0.045401739999999996
2024-11-09 14:30:00+00:00,0.036057985
2024-11-09 15:00:00+00:00,0.026714230000000002
2024-11-09 15:30:00+00:00,0.01146895
2024-11-09 16:00:00+00:00,-0.00377633
2024-11-09 16:30:00+00:00,-0.00351836
2024-11-09 17:00:00+00:00,-0.00326039
2024-11-09 17:30:00+00:00,-0.00325379
2024-11-09 18:00:00+00:00,-0.0032471899999999996
2024-11-09 18:30:00+00:00,-0.00313441
2024-11-09 19:00:00+00:00,-0.00302163
2024-11-09 19:30:00+00:00,-0.00333811
2024-11-09 20:00:00+00:00,-0.0036545899999999997
2024-11-09 20:30:00+00:00,-0.003935945
2024-11-09 21:00:00+00:00,-0.0042173
2024-11-09 21:30:00+00:00,-0.003642745
2024-11-09 22:00:00+00:00,-0.00306819
2024-11-09 22:30:00+00:00,0.013376109999999998
2024-11-09 23:00:00+00:00,0.02982041
2024-11-09 23:30:00+00:00,0.038798985
2024-11-10 00:00:00+00:00,0.047777560000000004
2024-11-10 00:30:00+00:00,0.04795801
2024-11-10 01:00:00+00:00,0.04813846
2024-11-10 01:30:00+00:00,0.047815225
2024-11-10 02:00:00+00:00,0.04749199
2024-11-10 02:30:00+00:00,0.047489544999999994
2024-11-10 03:00:00+00:00,0.0474871
2024-11-10 03:30:00+00:00,0.047461775
2024-11-10 04:00:00+00:00,0.04743645
2024-11-10 04:30:00+00:00,0.047377865
2024-11-10 05:00:00+00:00,0.04731928
2024-11-10 05:30:00+00:00,0.04704619
2024-11-10 06:00:00+00:00,0.0467731
2024-11-10 06:30:00+00:00,0.046276295
2024-11-10 07:00:00+00:00,0.045779490000000006
2024-11-10 07:30:00+00:00,0.04157166500000001
2024-11-10 08:00:00+00:00,0.03736384
2024-11-10 08:30:00+00:00,0.03716429
2024-11-10 09:00:00+00:00,0.036964739999999996
2024-11-10 09:30:00+00:00,0.03635154
2024-11-10 10:00:00+00:00,0.03573834
2024-11-10 10:30:00+00:00,0.03574743
2024-11-10 11:00:00+00:00,0.03575652
2024-11-10 11:30:00+00:00,0.03571246
2024-11-10 12:00:00+00:00,0.035668399999999996
2024-11-10 12:30:00+00:00,0.03697034
2024-11-10 13:00:00+00:00,0.03827228
2024-11-10 13:30:00+00:00,0.038219715
2024-11-10 14:00:00+00:00,0.03816715
2024-11-10 14:30:00+00:00,0.028616159999999998
2024-11-10 15:00:00+00:00,0.01906517
2024-11-10 15:30:00+00:00,0.007797264999999999
2024-11-10 16:00:00+00:00,-0.00347064
2024-11-10 16:30:00+00:00,-0.003853345
2024-11-10 17:00:00+00:00,-0.00423605
2024-11-10 17:30:00+00:00,-0.004091249999999999
2024-11-10 18:00:00+00:00,-0.00394645
2024-11-10 18:30:00+00:00,-0.003822545
2024-11-10 19:00:00+00:00,-0.00369864
2024-11-10 19:30:00+00:00,-0.0038744699999999997
2024-11-10 20:00:00+00:00,-0.0040503
2024-11-10 20:30:00+00:00,-0.00437828
2024-11-10 21:00:00+00:00,-0.00470626
2024-11-10 21:30:00+00:00,-0.0042591650000000005
2024-11-10 22:00:00+00:00,-0.00381207
2024-11-10 22:30:00+00:00,0.013947135
2024-11-10 23:00:00+00:00,0.03170634
2024-11-10 23:30:00+00:00,0.03983322
2024-11-11 00:00:00+00:00,0.0479601
2024-11-11 00:30:00+00:00,0.048138395
2024-11-11 01:00:00+00:00,0.04831669
2024-11-11 01:30:00+00:00,0.04824109
2024-11-11 02:00:00+00:00,0.04816549
2024-11-11 02:30:00+00:00,0.048067285
2024-11-11 03:00:00+00:00,0.04796908
2024-11-11 03:30:00+00:00,0.047673364999999995
2024-11-11 04:00:00+00:00,0.04737765
2024-11-11 04:30:00+00:00,0.047427485
2024-11-11 05:00:00+00:00,0.047477319999999996
2024-11-11 05:30:00+00:00,0.047043224999999994
2024-11-11 06:00:00+00:00,0.04660913
2024-11-11 06:30:00+00:00,0.0422745
2024-11-11 07:00:00+00:00,0.03793987
2024-11-11 07:30:00+00:00,0.03848774
2024-11-11 08:00:00+00:00,0.03903561
2024-11-11 08:30:00+00:00,0.038268010000000005
2024-11-11 09:00:00+00:00,0.037500410000000005
2024-11-11 09:30:00+00:00,0.036469395
2024-11-11 10:00:00+00:00,0.035438380000000005
2024-11-11 10:30:00+00:00,0.033881205000000005
2024-11-11 11:00:00+00:00,0.032324030000000004
2024-11-11 11:30:00+00:00,0.034285065
2024-11-11 12:00:00+00:00,0.036246099999999996
2024-11-11 12:30:00+00:00,0.037997335
2024-11-11 13:00:00+00:00,0.039748570000000004
2024-11-11 13:30:00+00:00,0.039850335
2024-11-11 14:00:00+00:00,0.039952100000000004
2024-11-11 14:30:00+00:00,0.032650705
2024-11-11 15:00:00+00:00,0.02534931
2024-11-11 15:30:00+00:00,0.012989455
2024-11-11 16:00:00+00:00,0.0006296
2024-11-11 16:30:00+00:00,0.00051515
2024-11-11 17:00:00+00:00,0.0004007
2024-11-11 17:30:00+00:00,0.00042588
2024-11-11 18:00:00+00:00,0.00045106000000000004
2024-11-11 18:30:00+00:00,0.000295765
2024-11-11 19:00:00+00:00,0.00014047000000000002
2024-11-11 19:30:00+00:00,-6.922499999999999e-05
2024-11-11 20:00:00+00:00,-0.00027892
2024-11-11 20:30:00+00:00,-0.00043296
2024-11-11 21:00:00+00:00,-0.000587
2024-11-11 21:30:00+00:00,0.00020492999999999998
2024-11-11 22:00:00+00:00,0.00099686
2024-11-11 22:30:00+00:00,0.015635430000000002
2024-11-11 23:00:00+00:00,0.030274000000000002
